"SourceFile","GPSLongitude","GPSLatitude","Text","English","French","Type"
"PXL_20230306_194520755.jpg","-91.82885","30.1235972222222","","","",""
"PXL_20230306_194644861.jpg","-91.8291638888889","30.1233055555556","","","",""
"PXL_20230610_164154745.jpg","-91.8278805555556","30.1222638888889","","","",""
"PXL_20230610_164204696.jpg","-91.8278805555556","30.1222638888889","","","",""
"PXL_20230610_164246304.jpg","-91.8273361111111","30.1219361111111","","","",""
"PXL_20230610_164300199.jpg","-91.8273361111111","30.1219361111111","","","",""
"PXL_20230610_164347151.jpg","-91.8273361111111","30.1219361111111","","","",""
"PXL_20230610_164439427.jpg","-91.8276111111111","30.1218583333333","","","",""
"PXL_20230610_164445537.jpg","-91.8276111111111","30.1218583333333","","","",""
"PXL_20230610_164629706.MP.jpg","-91.8276361111111","30.1219111111111","","","",""
"PXL_20230610_164703498.jpg","-91.8276361111111","30.1219111111111","","","",""
"PXL_20230610_164741659.jpg","-91.8276361111111","30.1219111111111","","","",""
"PXL_20230610_164759187.jpg","-91.8276361111111","30.1219111111111","","","",""
"PXL_20230610_164829263.jpg","-91.8275888888889","30.1223388888889","","","",""
"PXL_20230610_164853126.jpg","-91.8275888888889","30.1223388888889","","","",""
"PXL_20230610_165405244.jpg","-91.82775","30.1225416666667","","","",""
"PXL_20230610_165455231.jpg","-91.8277388888889","30.1225194444444","","","",""
"PXL_20230610_165544779.jpg","-91.8290166666667","30.1224166666667","","","",""
"PXL_20230610_165616332.jpg","-91.8290166666667","30.1224166666667","","","",""
"PXL_20230610_165732240.jpg","-91.828775","30.1228222222222","","","",""
"PXL_20230610_165811233.jpg","-91.828775","30.1228222222222","","","",""
"PXL_20230610_165835606.jpg","-91.8286444444445","30.1231194444444","","","",""
"PXL_20230610_165846907.jpg","-91.8286444444445","30.1231194444444","","","",""
"PXL_20230610_165921941.jpg","-91.8286444444445","30.1231194444444","","","",""
"PXL_20230610_165947700.jpg","-91.8291416666667","30.123125","","","",""
"PXL_20230610_170020706.jpg","-91.8291416666667","30.123125","","","",""
"PXL_20230610_170145693.jpg","-91.8286472222222","30.1232388888889","","","",""
"PXL_20230610_170203635.jpg","-91.8286472222222","30.1232388888889","","","",""
"PXL_20230610_170222929.jpg","-91.8286472222222","30.1232388888889","","","",""
"PXL_20230610_170233992.jpg","-91.8286472222222","30.1232388888889","","","",""
"PXL_20230610_170243134.jpg","-91.8280277777778","30.12365","","","",""
"PXL_20230610_170322228.jpg","-91.8287333333333","30.1231972222222","","","",""
"PXL_20230610_170339907.jpg","-91.8287333333333","30.1231972222222","","","",""
"PXL_20230610_170422212.jpg","-91.8283277777778","30.1231972222222","","","",""
"PXL_20230610_170426086.jpg","-91.8283277777778","30.1231972222222","","","",""
"PXL_20230610_170436500.jpg","-91.8283277777778","30.1231972222222","","","",""
"PXL_20230610_170444598.jpg","-91.8283277777778","30.1231972222222","","","",""
"PXL_20230610_170501271.jpg","-91.8283277777778","30.1231972222222","","","",""
"PXL_20230610_170512093.jpg","-91.8283277777778","30.1231972222222","","","",""
"PXL_20230610_170521835.jpg","-91.8283277777778","30.1231972222222","","","",""
"PXL_20230610_170708354.jpg","-91.8286861111111","30.1237638888889","","","",""
"PXL_20230610_170737068.jpg","-91.8286861111111","30.1237638888889","","","",""
"PXL_20230610_170742759.jpg","-91.8286861111111","30.1237638888889","","","",""
"PXL_20230610_170752356.jpg","-91.8286861111111","30.1237638888889","","","",""
"PXL_20230610_170830361.jpg","-91.82895","30.1235222222222","","","",""
"PXL_20230610_170838836.jpg","-91.82895","30.1235222222222","","","",""
"PXL_20230610_170844107.jpg","-91.82895","30.1235222222222","","","",""
"PXL_20230610_170943358.jpg","-91.8293527777778","30.1226472222222","","","",""
"PXL_20230610_171021622.jpg","-91.8293527777778","30.1226472222222","","","",""
"PXL_20230610_171033300.jpg","-91.8293527777778","30.1226472222222","","","",""
"PXL_20230610_171056445.jpg","-91.8291194444444","30.1223277777778","","","",""
"PXL_20230610_171110944.jpg","-91.8291194444444","30.1223277777778","","","",""
"PXL_20230610_171124501.jpg","-91.8291194444444","30.1223277777778","","","",""
"PXL_20230610_171129512.jpg","-91.8291194444444","30.1223277777778","","","",""
"PXL_20230610_171136592.jpg","-91.8291194444444","30.1223277777778","","","",""
"PXL_20230610_171146591.jpg","-91.8291194444444","30.1223277777778","","","",""
"PXL_20230610_171153401.jpg","-91.8291194444444","30.1223277777778","","","",""
"PXL_20230610_171204841.jpg","-91.8291194444444","30.1223277777778","","","",""
"PXL_20230610_171217789.jpg","-91.8291194444444","30.1223277777778","","","",""
"PXL_20230610_171231272.jpg","-91.8286388888889","30.1220444444444","","","",""
"PXL_20230610_171234834.jpg","-91.8286388888889","30.1220444444444","","","",""
"PXL_20230610_171248813.jpg","-91.8286388888889","30.1220444444444","","","",""
"PXL_20230610_171315234.jpg","-91.8286388888889","30.1220444444444","","","",""
"PXL_20230610_171335632.jpg","-91.8286388888889","30.1220444444444","","","",""
"PXL_20230610_171354861.jpg","-91.8278416666667","30.1219194444444","","","",""
"PXL_20230610_171406493.jpg","-91.8278416666667","30.1219194444444","","","",""
"PXL_20230610_171414611.jpg","-91.8278416666667","30.1219194444444","","","",""
"PXL_20230610_171437496.jpg","-91.8278416666667","30.1219194444444","","","",""
"PXL_20230610_174151105.jpg","-91.8287194444444","30.1221027777778","","","",""
"PXL_20230610_174248641.jpg","-91.8287194444444","30.1222277777778","","","",""
"PXL_20230610_174259408.jpg","-91.8287194444444","30.1222277777778","","","",""
"PXL_20230610_174309761.jpg","-91.8287194444444","30.1222277777778","","","",""
"PXL_20230610_174328938.jpg","-91.8287194444444","30.1222277777778","","","",""
"PXL_20230610_174358981.jpg","-91.8295972222222","30.1224055555556","","","",""
"PXL_20230610_174410026.jpg","-91.8295972222222","30.1224055555556","","","",""
"PXL_20230610_174418781.jpg","-91.8295972222222","30.1224055555556","","","",""
"PXL_20230610_174425304.jpg","-91.8295972222222","30.1224055555556","","","",""
"PXL_20230610_174445531.jpg","-91.8295972222222","30.1224055555556","","","",""
"PXL_20230610_174450063.jpg","-91.8295972222222","30.1224055555556","","","",""
"PXL_20230610_174452681.jpg","-91.8295972222222","30.1224055555556","","","",""
"PXL_20230610_174505673.jpg","-91.8295972222222","30.1224055555556","","","",""
"PXL_20230610_174552083.jpg","-91.8296944444444","30.1224583333333","","","",""
"PXL_20230610_174619417.jpg","-91.8296944444444","30.1224583333333","","","",""
"PXL_20230610_174630776.jpg","-91.8296944444444","30.1224583333333","","","",""
"PXL_20230610_174848856.jpg","-91.8306","30.1226611111111","","","",""
"PXL_20230610_174853794.jpg","-91.8306","30.1226611111111","","","",""
"PXL_20230610_174907147.jpg","-91.8306","30.1226611111111","","","",""
"PXL_20230610_174912789.jpg","-91.8306","30.1226611111111","","","",""
"PXL_20230610_175348441.jpg","-91.8306583333333","30.1227055555556","","","",""
"PXL_20230610_175357128.jpg","-91.8306583333333","30.1227055555556","","","",""
"PXL_20230610_175417880.jpg","-91.8307722222222","30.122725","","","",""
"PXL_20230610_175428814.jpg","-91.8307722222222","30.122725","","","",""
"PXL_20230610_175458473.jpg","-91.8307722222222","30.122725","","","",""
"PXL_20230610_175507379.jpg","-91.8307722222222","30.122725","","","",""
"PXL_20230610_175513589.jpg","-91.8307722222222","30.122725","","","",""
"PXL_20230610_175518341.jpg","-91.8307722222222","30.122725","","","",""
"PXL_20230610_175522615.jpg","-91.8307722222222","30.122725","","","",""
"PXL_20230610_175531115.jpg","-91.8307722222222","30.122725","","","",""
"PXL_20230610_175537667.jpg","-91.8307722222222","30.122725","","","",""
"PXL_20230610_175546241.jpg","-91.8307722222222","30.122725","","","",""
"PXL_20230610_175550593.jpg","-91.8307722222222","30.122725","","","",""
"PXL_20230610_175613658.jpg","-91.829625","30.1227194444444","","","",""
"PXL_20230610_175709808.jpg","-91.829625","30.1227194444444","","","",""
"PXL_20230610_175724672.jpg","-91.829625","30.1227194444444","","","",""
"PXL_20230611_212355066.jpg","-91.8298694444444","30.1213166666667","","","",""
"PXL_20230611_212404917.jpg","-91.8298694444444","30.1213166666667","","","",""
"PXL_20230611_212409325.jpg","-91.8298694444444","30.1213166666667","","","",""
"PXL_20230611_212417246.jpg","-91.8298694444444","30.1213166666667","","","",""
"PXL_20230611_212425910.MP.jpg","-91.8298694444444","30.1213166666667","","","",""
"PXL_20230611_212435495.MP.jpg","-91.8298694444444","30.1213166666667","","","",""
"PXL_20230611_212504907.jpg","-91.8298305555556","30.1213555555556","","","",""
"PXL_20230611_212534986.jpg","-91.8299388888889","30.1218333333333","","","",""
"PXL_20230611_212604044.jpg","-91.8299388888889","30.1218333333333","","","",""
"PXL_20230611_212618994.jpg","-91.8299388888889","30.1218333333333","","","",""
"PXL_20230611_212624088.jpg","-91.8299388888889","30.1218333333333","","","",""
"PXL_20230611_212626203.jpg","-91.8299388888889","30.1218333333333","","","",""
"PXL_20230611_212631255.jpg","-91.8299388888889","30.1218333333333","","","",""
"PXL_20230611_212642975.MP.jpg","-91.8299388888889","30.1218333333333","","","",""
"PXL_20230611_212654814.jpg","-91.8297722222222","30.1218111111111","","","",""
"PXL_20230611_212657334.jpg","-91.8297722222222","30.1218111111111","","","",""
"PXL_20230611_212741036.jpg","-91.8297722222222","30.121975","","","",""
"PXL_20230611_212815445.jpg","-91.8296555555556","30.1227222222222","","","",""
"PXL_20230611_212822999.jpg","-91.8296555555556","30.1227222222222","","","",""
"PXL_20230611_212834052.jpg","-91.8296555555556","30.1227222222222","","","",""
"PXL_20230611_212854566.jpg","-91.8296555555556","30.1227222222222","","","",""
"PXL_20230611_212858302.jpg","-91.8296555555556","30.1227222222222","","","",""
"PXL_20230611_212913260.jpg","-91.8296555555556","30.1227222222222","","","",""
"PXL_20230611_212949698.MP.jpg","-91.8293861111111","30.1232111111111","","","",""
"PXL_20230611_212955243.jpg","-91.8293861111111","30.1232111111111","","","",""
"PXL_20230611_212957314.jpg","-91.8293861111111","30.1232111111111","","","",""
"PXL_20230611_213004542.jpg","-91.8293861111111","30.1232111111111","","","",""
"PXL_20230611_213018952.jpg","-91.8293861111111","30.1232111111111","","","",""
"PXL_20230611_213029592.jpg","-91.8293861111111","30.1232111111111","","","",""
"PXL_20230611_213035064.jpg","-91.8293861111111","30.1232111111111","","","",""
"PXL_20230611_213037162.jpg","-91.8293861111111","30.1232111111111","","","",""
"PXL_20230611_213042240.jpg","-91.8293861111111","30.1232111111111","","","",""
"PXL_20230611_213044164.jpg","-91.8293861111111","30.1232111111111","","","",""
"PXL_20230611_213054092.jpg","-91.8293861111111","30.1232111111111","","","",""
"PXL_20230611_213102641.jpg","-91.8293861111111","30.1232111111111","","","",""
"PXL_20230611_213113525.jpg","-91.8293861111111","30.1232111111111","","","",""
"PXL_20230611_213119715.jpg","-91.8293861111111","30.1232111111111","","","",""
"PXL_20230611_213123163.jpg","-91.8293861111111","30.1232111111111","","","",""
"PXL_20230611_213131472.jpg","-91.8293861111111","30.1232111111111","","","",""
"PXL_20230611_213133868.jpg","-91.8293861111111","30.1232111111111","","","",""
"PXL_20230611_213146717.jpg","-91.8293861111111","30.1232111111111","","","",""
"PXL_20230611_213156339.jpg","-91.8293861111111","30.1232111111111","","","",""
"PXL_20230611_213213176.jpg","-91.8293861111111","30.1232111111111","","","",""
"PXL_20230611_213252408.jpg","-91.8291472222222","30.1238888888889","","","",""
"PXL_20230611_213315697.jpg","-91.8291472222222","30.1238888888889","","","",""
"PXL_20230611_213354784.jpg","-91.8293027777778","30.1241861111111","","","",""
"PXL_20230611_213408165.jpg","-91.8293027777778","30.1241861111111","","","",""
"PXL_20230611_213424435.jpg","-91.8293027777778","30.1241861111111","","","",""
"PXL_20230611_213433978.jpg","-91.8293027777778","30.1241861111111","","","",""
"PXL_20230611_213436956.jpg","-91.8293027777778","30.1241861111111","","","",""
"PXL_20230611_213504530.jpg","-91.8289805555556","30.1242555555556","","","",""
"PXL_20230611_213534592.jpg","-91.8289805555556","30.1242555555556","","","",""
"PXL_20230611_213543792.jpg","-91.8289805555556","30.1242555555556","","","",""
"PXL_20230611_213603779.jpg","-91.8289805555556","30.1242555555556","","","",""
"PXL_20230611_213609530.jpg","-91.8289805555556","30.1242555555556","","","",""
"PXL_20230611_213630061.jpg","-91.8290166666667","30.1245361111111","","","",""
"PXL_20230611_213637525.jpg","-91.8290166666667","30.1245361111111","","","",""
"PXL_20230611_213649434.jpg","-91.8290166666667","30.1245361111111","","","",""
"PXL_20230611_213704634.jpg","-91.8290166666667","30.1245361111111","","","",""
"PXL_20230611_213707312.jpg","-91.8290166666667","30.1245361111111","","","",""
"PXL_20230611_213723383.jpg","-91.8290166666667","30.1245361111111","","","",""
"PXL_20230611_213742203.jpg","-91.8289944444444","30.1250805555556","","","",""
"PXL_20230611_213747232.jpg","-91.8289944444444","30.1250805555556","","","",""
"PXL_20230611_213757253.jpg","-91.8289944444444","30.1250805555556","","","",""
"PXL_20230611_213803071.jpg","-91.8289944444444","30.1250805555556","","","",""
"PXL_20230611_213805331.jpg","-91.8289944444444","30.1250805555556","","","",""
"PXL_20230611_213834153.jpg","-91.8289944444444","30.1250805555556","","","",""
"PXL_20230611_213838137.jpg","-91.8289944444444","30.1250805555556","","","",""
"PXL_20230611_213920050.jpg","-91.8287972222222","30.1255777777778","","","",""
"PXL_20230611_213933065.jpg","-91.8287972222222","30.1255777777778","","","",""
"PXL_20230611_213952791.jpg","-91.8287972222222","30.1255777777778","","","",""
"PXL_20230611_214007327.jpg","-91.8287972222222","30.1255777777778","","","",""
"PXL_20230611_214016987.jpg","-91.8287972222222","30.1255777777778","","","",""
"PXL_20230611_214026715.jpg","-91.828675","30.1258888888889","","","",""
"PXL_20230611_214032285.jpg","-91.828675","30.1258888888889","","","",""
"PXL_20230611_214058524.jpg","-91.828675","30.1258888888889","","","",""
"PXL_20230611_214131082.jpg","-91.8286166666667","30.1263166666667","","","",""
"PXL_20230611_214138384.jpg","-91.8286166666667","30.1263166666667","","","",""
"PXL_20230611_214152380.jpg","-91.8286166666667","30.1263166666667","","","",""
"PXL_20230611_214229998.jpg","-91.8286166666667","30.1263166666667","","","",""
"PXL_20230611_214242837.jpg","-91.8285111111111","30.126525","","","",""
"PXL_20230611_214254849.jpg","-91.8285111111111","30.126525","","","",""
"PXL_20230611_214311345.jpg","-91.8285111111111","30.126525","","","",""
"PXL_20230611_214315172.jpg","-91.8285111111111","30.126525","","","",""
"PXL_20230611_214337255.jpg","-91.8285111111111","30.126525","","","",""
"PXL_20230611_214340415.jpg","-91.8285111111111","30.126525","","","",""
"PXL_20230611_214356266.jpg","-91.8286055555556","30.12665","","","",""
"PXL_20230611_214507837.jpg","-91.8283666666667","30.1272416666667","","","",""
"PXL_20230611_214518919.jpg","-91.8283666666667","30.1272416666667","","","",""
"PXL_20230611_214543315.jpg","-91.8283666666667","30.1272416666667","","","",""
"PXL_20230611_214614102.jpg","-91.8280888888889","30.1278833333333","","","",""
"PXL_20230611_214630532.jpg","-91.8280888888889","30.1278833333333","","","",""
"PXL_20230611_214636588.jpg","-91.8280888888889","30.1278833333333","","","",""
"PXL_20230611_214653672.jpg","-91.8280888888889","30.1278833333333","","","",""
"PXL_20230611_214706890.jpg","-91.8280888888889","30.1278833333333","","","",""
"PXL_20230611_214717179.jpg","-91.8280888888889","30.1278833333333","","","",""
"PXL_20230611_214720667.jpg","-91.8280888888889","30.1278833333333","","","",""
"PXL_20230611_214732550.jpg","-91.8279722222222","30.1282111111111","","","",""
"PXL_20230611_214752943.jpg","-91.8279722222222","30.1282111111111","","","",""
"PXL_20230611_214800549.jpg","-91.8279722222222","30.1282111111111","","","",""
"PXL_20230611_214846166.jpg","-91.8276444444444","30.1288777777778","","","",""
"PXL_20230611_214847537.jpg","-91.8276444444444","30.1288777777778","","","",""
"PXL_20230611_214917259.jpg","-91.8276444444444","30.1288777777778","","","",""
"PXL_20230611_214921097.jpg","-91.8276444444444","30.1288777777778","","","",""
"PXL_20230611_214927573.jpg","-91.8276444444444","30.1288777777778","","","",""
"PXL_20230611_214945647.jpg","-91.8276083333333","30.1292361111111","","","",""
"PXL_20230611_215006032.jpg","-91.8276083333333","30.1292361111111","","","",""
"PXL_20230611_215046667.jpg","-91.8276083333333","30.1292361111111","","","",""
"PXL_20230611_215107007.jpg","-91.8282666666667","30.1293027777778","","","",""
"PXL_20230611_215110144.jpg","-91.8282666666667","30.1293027777778","","","",""
"PXL_20230611_215132527.jpg","-91.8282666666667","30.1293027777778","","","",""
"PXL_20230611_215154187.jpg","-91.8282666666667","30.1293027777778","","","",""
"PXL_20230611_215201588.jpg","-91.8282666666667","30.1293027777778","","","",""
"PXL_20230611_215215606.jpg","-91.8285722222222","30.1294277777778","","","",""
"PXL_20230611_215230730.jpg","-91.8285722222222","30.1294277777778","","","",""
"PXL_20230611_215240226.jpg","-91.8285722222222","30.1294277777778","","","",""
"PXL_20230611_215306612.jpg","-91.8285722222222","30.1294277777778","","","",""
"PXL_20230611_215314661.jpg","-91.8285722222222","30.1294277777778","","","",""
"PXL_20230611_215337913.jpg","-91.8284333333333","30.1293638888889","","","",""
"PXL_20230611_215406254.jpg","-91.8284333333333","30.1293638888889","","","",""
"PXL_20230611_215422795.jpg","-91.8284333333333","30.1293638888889","","","",""
"PXL_20230611_215431391.jpg","-91.8284333333333","30.1293638888889","","","",""
"PXL_20230611_215441663.jpg","-91.8284333333333","30.1293638888889","","","",""
"PXL_20230611_215446760.jpg","-91.8284333333333","30.1293638888889","","","",""
"PXL_20230611_215449641.jpg","-91.8284333333333","30.1293638888889","","","",""
"PXL_20230611_215457351.jpg","-91.8284333333333","30.1293638888889","","","",""
"PXL_20230611_215519318.jpg","-91.8292111111111","30.1294138888889","","","",""
"PXL_20230611_215550988.jpg","-91.8292111111111","30.1294138888889","","","",""
"PXL_20230611_215601128.jpg","-91.8292111111111","30.1294138888889","","","",""
"PXL_20230611_215615899.jpg","-91.8292111111111","30.1294138888889","","","",""
"PXL_20230611_215623857.jpg","-91.8292111111111","30.1294138888889","","","",""
"PXL_20230611_215705081.jpg","-91.8284694444445","30.1295972222222","","","",""
"PXL_20230611_215727939.jpg","-91.8284694444445","30.1295972222222","","","",""
"PXL_20230611_215813779.MP.jpg","-91.8278888888889","30.1293444444444","","","",""
"PXL_20230611_215858661.jpg","-91.8278888888889","30.1293444444444","","","",""
"PXL_20230611_215911782.jpg","-91.8278888888889","30.1293444444444","","","",""
"PXL_20230611_215925149.jpg","-91.8279333333333","30.1294611111111","","","",""
"PXL_20230611_215926790.jpg","-91.8279333333333","30.1294611111111","","","",""
"PXL_20230611_215938085.jpg","-91.8279333333333","30.1294611111111","","","",""
"PXL_20230611_215951928.jpg","-91.8279333333333","30.1294611111111","","","",""
"PXL_20230611_220005887.jpg","-91.8279333333333","30.1294611111111","","","",""
"PXL_20230611_220106783.jpg","-91.8272916666667","30.1303444444444","","","",""
"PXL_20230611_220124587.jpg","-91.8272916666667","30.1303444444444","","","",""
"PXL_20230611_220149174.jpg","-91.8272916666667","30.1303444444444","","","",""
"PXL_20230611_220233649.jpg","-91.8273027777778","30.1311333333333","","","",""
"PXL_20230611_220255254.jpg","-91.8273027777778","30.1311333333333","","","",""
"PXL_20230611_220316531.jpg","-91.8273027777778","30.1311333333333","","","",""
"PXL_20230611_220346303.jpg","-91.8273083333333","30.1318916666667","","","",""
"PXL_20230611_220356962.jpg","-91.8273083333333","30.1318916666667","","","",""
"PXL_20230611_220402949.jpg","-91.8273083333333","30.1318916666667","","","",""
"PXL_20230611_220428471.jpg","-91.8273083333333","30.1318916666667","","","",""
"PXL_20230611_220453518.jpg","-91.8268444444444","30.1318555555556","","","",""
"PXL_20230611_220522056.jpg","-91.8268444444444","30.1318555555556","","","",""
"PXL_20230611_220613503.jpg","-91.8267444444444","30.1323305555556","","","",""
"PXL_20230611_220647317.jpg","-91.8267805555556","30.1323305555556","","","",""
"PXL_20230611_220835806.jpg","-91.8267611111111","30.1323305555556","","","",""
"PXL_20230611_220851262.jpg","-91.8270027777778","30.1315888888889","","","",""
"PXL_20230611_220919378.jpg","-91.8270027777778","30.1315888888889","","","",""
"PXL_20230611_220926789.jpg","-91.8270027777778","30.1315888888889","","","",""
"PXL_20230611_220957973.jpg","-91.8270027777778","30.1315888888889","","","",""
"PXL_20230611_221010003.jpg","-91.8270027777778","30.1315888888889","","","",""
"PXL_20230611_221041575.jpg","-91.8273916666667","30.1303333333333","","","",""
"PXL_20230611_221107272.jpg","-91.8273916666667","30.1303333333333","","","",""
"PXL_20230611_221143433.jpg","-91.8272888888889","30.1301166666667","","","",""
"PXL_20230611_221150086.jpg","-91.8272888888889","30.1301166666667","","","",""
"PXL_20230611_221217897.jpg","-91.8272833333333","30.130075","","","",""
"PXL_20230611_221226384.jpg","-91.8272833333333","30.130075","","","",""
"PXL_20230611_221230067.jpg","-91.8272833333333","30.130075","","","",""
"PXL_20230611_221233186.jpg","-91.8272833333333","30.130075","","","",""
"PXL_20230611_221236944.jpg","-91.8272833333333","30.130075","","","",""
"PXL_20230611_221238710.jpg","-91.8272833333333","30.130075","","","",""
"PXL_20230611_221247911.jpg","-91.8272833333333","30.130075","","","",""
"PXL_20230611_221253055.jpg","-91.8272833333333","30.130075","","","",""
"PXL_20230611_221310985.jpg","-91.8272833333333","30.130075","","","",""
"PXL_20230611_221316231.jpg","-91.8272833333333","30.130075","","","",""
"PXL_20230611_221320785.jpg","-91.8272833333333","30.130075","","","",""
"PXL_20230611_221324990.jpg","-91.8272833333333","30.130075","","","",""
"PXL_20230611_221329293.jpg","-91.8272833333333","30.130075","","","",""
"PXL_20230611_221333006.jpg","-91.8272833333333","30.130075","","","",""
"PXL_20230611_221339476.jpg","-91.8272833333333","30.130075","","","",""
"PXL_20230611_221345709.jpg","-91.8272833333333","30.130075","","","",""
"PXL_20230611_221358954.jpg","-91.8272833333333","30.130075","","","",""
"PXL_20230611_221407704.jpg","-91.8272833333333","30.130075","","","",""
"PXL_20230611_221418377.jpg","-91.8272833333333","30.130075","","","",""
"PXL_20230611_221427388.jpg","-91.8272833333333","30.130075","","","",""
"PXL_20230611_221443049.jpg","-91.8272805555556","30.1300583333333","","","",""
"PXL_20230611_221449280.jpg","-91.8272805555556","30.1300583333333","","","",""
"PXL_20230611_221541305.jpg","-91.8274833333333","30.1296138888889","","","",""
"PXL_20230611_221723802.jpg","-91.8273111111111","30.1300388888889","","","",""
"PXL_20230611_221728633.jpg","-91.8273111111111","30.1300388888889","","","",""
"PXL_20230611_221754721.jpg","-91.8275","30.128925","","","",""
"PXL_20230611_221757053.jpg","-91.8275","30.128925","","","",""
"PXL_20230611_221803066.jpg","-91.8275","30.128925","","","",""
"PXL_20230611_221812428.jpg","-91.8275","30.128925","","","",""
"PXL_20230611_221844147.jpg","-91.8275","30.128925","","","",""
"PXL_20230611_221851462.jpg","-91.8275","30.128925","","","",""
"PXL_20230611_221913982.jpg","-91.8275","30.128925","","","",""
"PXL_20230611_221918336.jpg","-91.8275","30.128925","","","",""
"PXL_20230611_221946413.jpg","-91.8277361111111","30.1281277777778","","","",""
"PXL_20230611_221954787.jpg","-91.8279","30.1278805555556","","","",""
"PXL_20230611_222007321.jpg","-91.8279","30.1278805555556","","","",""
"PXL_20230611_222030484.jpg","-91.8279","30.1278805555556","","","",""
"PXL_20230611_222034994.jpg","-91.8279","30.1278805555556","","","",""
"PXL_20230611_222038481.jpg","-91.8279","30.1278805555556","","","",""
"PXL_20230611_222042671.jpg","-91.8279","30.1278805555556","","","",""
"PXL_20230611_222048178.jpg","-91.8279","30.1278805555556","","","",""
"PXL_20230611_222051297.jpg","-91.8279","30.1278805555556","","","",""
"PXL_20230611_222106569.jpg","-91.8279694444444","30.1277888888889","","","",""
"PXL_20230611_222117616.jpg","-91.8279694444444","30.1277888888889","","","",""
"PXL_20230611_222143121.jpg","-91.8279527777778","30.1277083333333","","","",""
"PXL_20230611_222145818.jpg","-91.8279527777778","30.1277083333333","","","",""
"PXL_20230611_222149395.jpg","-91.8279527777778","30.1277083333333","","","",""
"PXL_20230611_222151407.jpg","-91.8279527777778","30.1277083333333","","","",""
"PXL_20230611_222154912.jpg","-91.8279527777778","30.1277083333333","","","",""
"PXL_20230611_222205094.jpg","-91.8279527777778","30.1277083333333","","","",""
"PXL_20230611_222214595.jpg","-91.8279777777778","30.1276722222222","","","",""
"PXL_20230611_222224119.jpg","-91.8279777777778","30.1276722222222","","","",""
"PXL_20230611_222231242.jpg","-91.8279777777778","30.1276722222222","","","",""
"PXL_20230611_222236811.jpg","-91.8279777777778","30.1276722222222","","","",""
"PXL_20230611_222243061.jpg","-91.8279777777778","30.1276722222222","","","",""
"PXL_20230611_222318246.jpg","-91.8285333333333","30.1272888888889","","","",""
"PXL_20230611_222327786.jpg","-91.8285333333333","30.1272888888889","","","",""
"PXL_20230611_222330944.jpg","-91.8285333333333","30.1272888888889","","","",""
"PXL_20230611_222333673.jpg","-91.8285333333333","30.1272888888889","","","",""
"PXL_20230611_222343605.jpg","-91.8282194444444","30.1270694444444","","","",""
"PXL_20230611_222351777.jpg","-91.8282194444444","30.1270694444444","","","",""
"PXL_20230611_222407170.jpg","-91.8282194444444","30.1270694444444","","","",""
"PXL_20230611_222426989.jpg","-91.8282194444444","30.1270694444444","","","",""
"PXL_20230611_222435343.jpg","-91.8282194444444","30.1270694444444","","","",""
"PXL_20230611_222444297.jpg","-91.8282194444444","30.1270694444444","","","",""
"PXL_20230611_222507502.jpg","-91.8282527777778","30.1270888888889","","","",""
"PXL_20230611_222514535.jpg","-91.8282527777778","30.1270888888889","","","",""
"PXL_20230611_222519494.jpg","-91.8282527777778","30.1270888888889","","","",""
"PXL_20230611_222531345.jpg","-91.8282527777778","30.1270888888889","","","",""
"PXL_20230611_222544679.jpg","-91.8284888888889","30.1260055555556","","","",""
"PXL_20230611_222557103.jpg","-91.8284888888889","30.1260055555556","","","",""
"PXL_20230611_222608058.jpg","-91.8284888888889","30.1260055555556","","","",""
"PXL_20230611_222621209.jpg","-91.8284888888889","30.1260055555556","","","",""
"PXL_20230611_222624211.jpg","-91.8284888888889","30.1260055555556","","","",""
"PXL_20230611_222634647.jpg","-91.8284916666667","30.1259888888889","","","",""
"PXL_20230611_222643654.jpg","-91.8284916666667","30.1259888888889","","","",""
"PXL_20230611_222651403.jpg","-91.8284916666667","30.1259888888889","","","",""
"PXL_20230611_222703072.jpg","-91.8284916666667","30.1259888888889","","","",""
"PXL_20230611_222713798.jpg","-91.8284916666667","30.1259888888889","","","",""
"PXL_20230611_222718125.jpg","-91.8284916666667","30.1259888888889","","","",""
"PXL_20230611_222726391.jpg","-91.8284916666667","30.1259888888889","","","",""
"PXL_20230611_222737429.jpg","-91.8284916666667","30.1259888888889","","","",""
"PXL_20230611_222741028.jpg","-91.8284916666667","30.1259888888889","","","",""
"PXL_20230611_222800244.jpg","-91.8284444444444","30.1258666666667","","","",""
"PXL_20230611_222808760.jpg","-91.8284444444444","30.1258666666667","","","",""
"PXL_20230611_222812062.jpg","-91.8284444444444","30.1258666666667","","","",""
"PXL_20230611_222819853.jpg","-91.8284444444444","30.1258666666667","","","",""
"PXL_20230611_222849167.jpg","-91.8284861111111","30.1258805555556","","","",""
"PXL_20230611_222857429.jpg","-91.8284861111111","30.1258805555556","","","",""
"PXL_20230611_222901029.jpg","-91.8284861111111","30.1258805555556","","","",""
"PXL_20230611_222910824.jpg","-91.8284861111111","30.1258805555556","","","",""
"PXL_20230611_222917136.jpg","-91.8284861111111","30.1258805555556","","","",""
"PXL_20230611_222924307.jpg","-91.8284861111111","30.1258805555556","","","",""
"PXL_20230611_222932068.jpg","-91.8284861111111","30.1258805555556","","","",""
"PXL_20230611_222941286.jpg","-91.8284861111111","30.1258805555556","","","",""
"PXL_20230611_222947681.jpg","-91.8284861111111","30.1258805555556","","","",""
"PXL_20230611_223003238.jpg","-91.8284861111111","30.1258805555556","","","",""
"PXL_20230611_223016290.jpg","-91.8284861111111","30.1258805555556","","","",""
"PXL_20230611_223020434.jpg","-91.8284861111111","30.1258805555556","","","",""
"PXL_20230611_223037886.jpg","-91.8285388888889","30.12565","","","",""
"PXL_20230611_223108673.jpg","-91.8285666666667","30.1256166666667","","","",""
"PXL_20230611_223121674.jpg","-91.8285666666667","30.1256166666667","","","",""
"PXL_20230611_223132887.jpg","-91.8285666666667","30.1256166666667","","","",""
"PXL_20230611_223211013.jpg","-91.8286194444444","30.1252138888889","","","",""
"PXL_20230611_223215148.jpg","-91.8286194444444","30.1252138888889","","","",""
"PXL_20230611_223233581.jpg","-91.8286194444444","30.1252138888889","","","",""
"PXL_20230611_223256588.jpg","-91.8286305555555","30.1250861111111","","","",""
"PXL_20230611_223304019.jpg","-91.8286305555555","30.1250861111111","","","",""
"PXL_20230611_223309223.jpg","-91.8286305555555","30.1250861111111","","","",""
"PXL_20230611_223313989.jpg","-91.8286305555555","30.1250861111111","","","",""
"PXL_20230611_223318978.jpg","-91.8286305555555","30.1250861111111","","","",""
"PXL_20230611_223323740.jpg","-91.8286305555555","30.1250861111111","","","",""
"PXL_20230611_223326024.jpg","-91.8286305555555","30.1250861111111","","","",""
"PXL_20230611_223345064.jpg","-91.8289138888889","30.1245277777778","","","",""
"PXL_20230611_223351011.jpg","-91.8289138888889","30.1245277777778","","","",""
"PXL_20230611_223403424.jpg","-91.8289138888889","30.1245277777778","","","",""
"PXL_20230611_223407901.jpg","-91.8289138888889","30.1245277777778","","","",""
"PXL_20230611_223454984.jpg","-91.8288611111111","30.1240111111111","","","",""
"PXL_20230611_223500236.jpg","-91.8288611111111","30.1240111111111","","","",""
"PXL_20230611_223520927.jpg","-91.8288611111111","30.1240111111111","","","",""
"PXL_20230611_223525842.jpg","-91.8288611111111","30.1240111111111","","","",""
"PXL_20230611_223531204.jpg","-91.8288611111111","30.1240111111111","","","",""
"PXL_20230611_223550027.jpg","-91.8288611111111","30.1240111111111","","","",""
"PXL_20230611_223556257.jpg","-91.8288611111111","30.1240111111111","","","",""
"PXL_20230611_223602837.jpg","-91.8288611111111","30.1240111111111","","","",""
"PXL_20230611_223614656.jpg","-91.8288611111111","30.1240111111111","","","",""
"PXL_20230611_223630588.jpg","-91.8288611111111","30.1240111111111","","","",""
"PXL_20230611_223642247.jpg","-91.8288611111111","30.1240111111111","","","",""
"PXL_20230611_223646425.jpg","-91.8288611111111","30.1240111111111","","","",""
"PXL_20230611_223655763.jpg","-91.8288611111111","30.1240111111111","","","",""
"PXL_20230611_223705537.jpg","-91.8288611111111","30.1240111111111","","","",""
"PXL_20230611_223710940.jpg","-91.8288611111111","30.1240111111111","","","",""
"PXL_20230611_223718160.jpg","-91.8288611111111","30.1240111111111","","","",""
"PXL_20230611_223722490.jpg","-91.8288611111111","30.1240111111111","","","",""
"PXL_20230611_223724276.jpg","-91.8288611111111","30.1240111111111","","","",""
"PXL_20230611_223736466.jpg","-91.8288611111111","30.1240111111111","","","",""
"PXL_20230611_223748766.jpg","-91.8288611111111","30.1240111111111","","","",""
"PXL_20230611_223758901.jpg","-91.8288611111111","30.1240111111111","","","",""
"PXL_20230611_223802162.jpg","-91.8288611111111","30.1240111111111","","","",""
"PXL_20230611_223807935.jpg","-91.8288611111111","30.1240111111111","","","",""
"PXL_20230611_223810620.jpg","-91.8288611111111","30.1240111111111","","","",""
"PXL_20230611_223814749.jpg","-91.8288611111111","30.1240111111111","","","",""
"PXL_20230611_223816383.jpg","-91.8288611111111","30.1240111111111","","","",""
"PXL_20230611_223818133.jpg","-91.8288611111111","30.1240111111111","","","",""
"PXL_20230611_223825467.jpg","-91.8288611111111","30.1240111111111","","","",""
"PXL_20230611_223839101.jpg","-91.8291944444444","30.1238722222222","","","",""
"PXL_20230611_223842247.jpg","-91.8291944444444","30.1238722222222","","","",""
"PXL_20230611_223852108.jpg","-91.8281","30.1237","","","",""
"PXL_20230611_223905203.jpg","-91.8281","30.1237","","","",""
"PXL_20230611_223926729.jpg","-91.8278444444444","30.1236388888889","","","",""
"PXL_20230611_223944617.jpg","-91.8278444444444","30.1236388888889","","","",""
"PXL_20230611_223947545.jpg","-91.8278444444444","30.1236388888889","","","",""
"PXL_20230611_224015805.jpg","-91.8277472222222","30.1235527777778","","","",""
"PXL_20230611_224118683.jpg","-91.8276388888889","30.1235083333333","","","",""
"PXL_20230611_224120447.jpg","-91.8276388888889","30.1235083333333","","","",""
"PXL_20230611_224134442.jpg","-91.8271916666667","30.1231583333333","","","",""
"PXL_20230611_224159640.jpg","-91.8271916666667","30.1231583333333","","","",""
"PXL_20230611_224229340.jpg","-91.8271916666667","30.1231583333333","","","",""
"PXL_20230611_224245026.jpg","-91.8271916666667","30.1231583333333","","","",""
"PXL_20230611_224304230.jpg","-91.8271694444445","30.1229222222222","","","",""
"PXL_20230611_224320160.jpg","-91.8277388888889","30.1224305555556","","","",""
"PXL_20230611_224329042.jpg","-91.8277388888889","30.1224305555556","","","",""
"PXL_20230611_224348462.jpg","-91.8277388888889","30.1224305555556","","","",""
"PXL_20230611_224351314.jpg","-91.8277388888889","30.1224305555556","","","",""
"PXL_20230611_224355476.jpg","-91.8277388888889","30.1224305555556","","","",""
"PXL_20230611_224358580.jpg","-91.8277388888889","30.1224305555556","","","",""
"PXL_20230611_224407387.jpg","-91.8275555555556","30.1225138888889","","","",""
"PXL_20230611_224417118.jpg","-91.8275555555556","30.1225138888889","","","",""
"PXL_20230611_224456440.jpg","-91.8275555555556","30.1225138888889","","","",""
"PXL_20230611_224533305.jpg","-91.8272916666667","30.1227444444444","","","",""
"PXL_20230611_224626651.jpg","-91.8277611111111","30.1235777777778","","","",""
"PXL_20230611_224634478.jpg","-91.8277611111111","30.1235777777778","","","",""
"PXL_20230611_224638322.jpg","-91.8277611111111","30.1235777777778","","","",""
"PXL_20230611_224657489.jpg","-91.8277611111111","30.1235777777778","","","",""
"PXL_20230611_224714401.jpg","-91.8278361111111","30.1235916666667","","","",""
"PXL_20230611_224725149.jpg","-91.8278361111111","30.1235916666667","","","",""
"PXL_20230611_224839416.jpg","-91.8281972222222","30.1236972222222","","","",""
"PXL_20230611_224855332.jpg","-91.8281972222222","30.1236972222222","","","",""
"PXL_20230611_224940238.jpg","-91.8277555555556","30.1226416666667","","","",""
"PXL_20230611_224943407.jpg","-91.8277555555556","30.1226416666667","","","",""
"PXL_20230611_224956244.jpg","-91.8277555555556","30.1226416666667","","","",""
"PXL_20230611_225003375.jpg","-91.8277555555556","30.1226416666667","","","",""
"PXL_20230611_225008534.jpg","-91.8277555555556","30.1226416666667","","","",""
"PXL_20230611_225010846.jpg","-91.8277555555556","30.1226416666667","","","",""
"PXL_20230611_225020345.jpg","-91.8277555555556","30.1226416666667","","","",""
"PXL_20230611_225025001.jpg","-91.8277555555556","30.1226416666667","","","",""
"PXL_20230611_225030596.jpg","-91.8277555555556","30.1226416666667","","","",""
"PXL_20230611_225041756.jpg","-91.8277555555556","30.1226416666667","","","",""
"PXL_20230611_225106841.jpg","-91.82775","30.1226611111111","","","",""
"PXL_20230611_225112189.jpg","-91.82775","30.1226611111111","","","",""
"PXL_20230611_225352820.jpg","-91.8278055555556","30.1224416666667","","","",""
"PXL_20230611_225356500.jpg","-91.8278055555556","30.1224416666667","","","",""
"PXL_20230611_225407851.jpg","-91.8278055555556","30.1224416666667","","","",""
"PXL_20230611_225417488.jpg","-91.8300944444444","30.1215138888889","","","",""
"PXL_20230611_225420775.jpg","-91.8300944444444","30.1215138888889","","","",""
"PXL_20230611_225437348.jpg","-91.8300944444444","30.1215138888889","","","",""
"PXL_20230611_225443472.jpg","-91.8300944444444","30.1215138888889","","","",""
"PXL_20230611_225458794.jpg","-91.8300944444444","30.1215138888889","","","",""
"PXL_20230611_225504772.jpg","-91.8300944444444","30.1215138888889","","","",""
"PXL_20230611_225518417.jpg","-91.8300944444444","30.1215138888889","","","",""
"PXL_20230612_160905778.jpg","-91.8253083333333","30.1383583333333","","","",""
"PXL_20230612_160911720.jpg","-91.8253083333333","30.1383583333333","","","",""
"PXL_20230612_160919485.jpg","-91.8253083333333","30.1383583333333","","","",""
"PXL_20230612_160929377.MP.jpg","-91.8253083333333","30.1383583333333","","","",""
"PXL_20230612_160945426.jpg","-91.8253083333333","30.1383583333333","","","",""
"PXL_20230612_161020106.jpg","-91.8253083333333","30.1383583333333","","","",""
"PXL_20230612_161030099.jpg","-91.8230888888889","30.1372611111111","","","",""
"PXL_20230612_161037648.jpg","-91.8230888888889","30.1372611111111","","","",""
"PXL_20230612_161123718.jpg","-91.8230888888889","30.1372611111111","","","",""
"PXL_20230612_161134081.jpg","-91.8230861111111","30.1372583333333","","","",""
"PXL_20230612_161213389.jpg","-91.8228694444445","30.1366638888889","","","",""
"PXL_20230612_161353202.jpg","-91.8238611111111","30.1366805555556","","","",""
"PXL_20230612_161454101.jpg","-91.8238694444444","30.1366805555556","","","",""
"PXL_20230612_161458332.jpg","-91.8238694444444","30.1366805555556","","","",""
"PXL_20230612_161504711.jpg","-91.8238694444444","30.1366805555556","","","",""
"PXL_20230612_161621893.jpg","-91.8260111111111","30.1372083333333","","","",""
"PXL_20230612_161629412.jpg","-91.8255472222222","30.1369333333333","","","",""
"PXL_20230612_161636557.jpg","-91.8255472222222","30.1369333333333","","","",""
"PXL_20230612_161638396.jpg","-91.8255472222222","30.1369333333333","","","",""
"PXL_20230612_161640575.jpg","-91.8255472222222","30.1369333333333","","","",""
"PXL_20230612_161643145.jpg","-91.8255472222222","30.1369333333333","","","",""
"PXL_20230612_161717122.jpg","-91.8255472222222","30.1369333333333","","","",""
"PXL_20230612_161723647.jpg","-91.8255472222222","30.1369333333333","","","",""
"PXL_20230612_161915156.jpg","-91.8255472222222","30.1369333333333","","","",""
"PXL_20230612_162051716.jpg","-91.8251305555556","30.1387555555556","","","",""
"PXL_20230612_162107693.jpg","-91.8251305555556","30.1387555555556","","","",""
"PXL_20230612_162110564.jpg","-91.8251305555556","30.1387555555556","","","",""
"PXL_20230612_162115024.jpg","-91.8251305555556","30.1387555555556","","","",""
"PXL_20230612_162117264.jpg","-91.8251305555556","30.1387555555556","","","",""
"PXL_20230612_162140306.jpg","-91.8251305555556","30.1387555555556","","","",""
"PXL_20230612_162206194.jpg","-91.8255","30.1381972222222","","","",""
"PXL_20230612_162254868.jpg","-91.8255","30.1381972222222","","","",""
"PXL_20230612_162301479.jpg","-91.8255","30.1381972222222","","","",""
"PXL_20230612_162310790.jpg","-91.8255","30.1381972222222","","","",""
"PXL_20230612_162315773.jpg","-91.8255","30.1381972222222","","","",""
"PXL_20230612_162344963.jpg","-91.8255","30.1381972222222","","","",""
"PXL_20230612_162424453.jpg","-91.8261722222222","30.1376111111111","","","",""
"PXL_20230612_162432338.jpg","-91.8261722222222","30.1376111111111","","","",""
"PXL_20230612_162433790.jpg","-91.8261722222222","30.1376111111111","","","",""
"PXL_20230612_162436043.jpg","-91.8261722222222","30.1376111111111","","","",""
"PXL_20230612_162442142.jpg","-91.8261722222222","30.1376111111111","","","",""
"PXL_20230612_162604621.jpg","-91.8261722222222","30.1376138888889","","","",""
"PXL_20230612_162645780.jpg","-91.8259","30.1370055555556","","","",""
"PXL_20230612_162704929.jpg","-91.8259","30.1370055555556","","","",""
"PXL_20230612_162720321.jpg","-91.8259","30.1370055555556","","","",""
"PXL_20230612_162730937.jpg","-91.8259","30.1370055555556","","","",""
"PXL_20230612_162735788.jpg","-91.8259","30.1370055555556","","","",""
"PXL_20230612_162800985.jpg","-91.826175","30.1360277777778","","","",""
"PXL_20230612_162808481.jpg","-91.826175","30.1360277777778","","","",""
"PXL_20230612_162810041.jpg","-91.826175","30.1360277777778","","","",""
"PXL_20230612_162819176.jpg","-91.826175","30.1360277777778","","","",""
"PXL_20230612_162915524.jpg","-91.826175","30.1360277777778","","","",""
"PXL_20230612_162951561.jpg","-91.8270194444444","30.1351805555556","","","",""
"PXL_20230612_163048096.jpg","-91.8265777777778","30.1348777777778","","","",""
"PXL_20230612_163052247.jpg","-91.8265777777778","30.1348777777778","","","",""
"PXL_20230612_163053988.jpg","-91.8265777777778","30.1348777777778","","","",""
"PXL_20230612_163119854.jpg","-91.8265777777778","30.1348777777778","","","",""
"PXL_20230612_163130234.jpg","-91.8265777777778","30.1348777777778","","","",""
"PXL_20230612_163145987.jpg","-91.8265777777778","30.1348777777778","","","",""
"PXL_20230612_163155051.jpg","-91.8265777777778","30.1348777777778","","","",""
"PXL_20230612_163203262.jpg","-91.8265777777778","30.1348777777778","","","",""
"PXL_20230612_163212642.jpg","-91.8269194444444","30.1345555555556","","","",""
"PXL_20230612_163218519.jpg","-91.8269194444444","30.1345555555556","","","",""
"PXL_20230612_163224817.jpg","-91.8269194444444","30.1345555555556","","","",""
"PXL_20230612_163235469.jpg","-91.8269194444444","30.1345555555556","","","",""
"PXL_20230612_163244256.jpg","-91.8269194444444","30.1345555555556","","","",""
"PXL_20230612_163254375.jpg","-91.8269194444444","30.1345555555556","","","",""
"PXL_20230612_163306080.jpg","-91.8269194444444","30.1345555555556","","","",""
"PXL_20230612_163310416.jpg","-91.8270583333333","30.1345666666667","","","",""
"PXL_20230612_163315109.jpg","-91.8270583333333","30.1345666666667","","","",""
"PXL_20230612_163324188.jpg","-91.8270583333333","30.1345666666667","","","",""
"PXL_20230612_163333023.jpg","-91.8270583333333","30.1345666666667","","","",""
"PXL_20230612_163342282.jpg","-91.8270583333333","30.1345666666667","","","",""
"PXL_20230612_163403125.jpg","-91.827025","30.1346027777778","","","",""
"PXL_20230612_163407320.jpg","-91.827025","30.1346027777778","","","",""
"PXL_20230612_163410964.jpg","-91.827025","30.1346027777778","","","",""
"PXL_20230612_163428285.jpg","-91.8270138888889","30.1345833333333","","","",""
"PXL_20230612_163452203.jpg","-91.8268611111111","30.1341833333333","","","",""
"PXL_20230612_163502347.jpg","-91.8268611111111","30.1341833333333","","","",""
"PXL_20230612_163512708.jpg","-91.8268611111111","30.1341833333333","","","",""
"PXL_20230612_163540054.jpg","-91.8268611111111","30.1341833333333","","","",""
"PXL_20230612_163552911.jpg","-91.8268611111111","30.1341833333333","","","",""
"PXL_20230612_163555646.jpg","-91.8268611111111","30.1341833333333","","","",""
"PXL_20230612_163603564.jpg","-91.8268611111111","30.1341833333333","","","",""
"PXL_20230612_163606594.jpg","-91.8268611111111","30.1341833333333","","","",""
"PXL_20230612_163703449.jpg","-91.8270833333333","30.134575","","","",""
"PXL_20230612_163711170.jpg","-91.8270833333333","30.134575","","","",""
"PXL_20230612_163717931.jpg","-91.8270833333333","30.134575","","","",""
"PXL_20230612_163727283.jpg","-91.8270833333333","30.134575","","","",""
"PXL_20230612_163857368.jpg","-91.8271083333333","30.1339361111111","","","",""
"PXL_20230612_163902078.jpg","-91.8271083333333","30.1339361111111","","","",""
"PXL_20230612_163909649.jpg","-91.8271083333333","30.1339361111111","","","",""
"PXL_20230612_163917958.jpg","-91.8271083333333","30.1339361111111","","","",""
"PXL_20230612_163921127.jpg","-91.8271083333333","30.1339361111111","","","",""
"PXL_20230612_163935592.jpg","-91.8271083333333","30.1339361111111","","","",""
"PXL_20230612_163938925.jpg","-91.8271083333333","30.1339361111111","","","",""
"PXL_20230612_163947429.jpg","-91.8271083333333","30.1339361111111","","","",""
"PXL_20230612_164000652.jpg","-91.8270416666667","30.1335416666667","","","",""
"PXL_20230612_164017949.jpg","-91.8270416666667","30.1335416666667","","","",""
"PXL_20230612_164037884.jpg","-91.8270416666667","30.1335416666667","","","",""
"PXL_20230612_164055197.jpg","-91.8270416666667","30.1335416666667","","","",""
"PXL_20230612_164239353.jpg","-91.826475","30.1346583333333","","","",""
"PXL_20230612_164302002.jpg","-91.826475","30.1346583333333","","","",""
"PXL_20230612_164355075.jpg","-91.8263916666667","30.1350055555556","","","",""
"PXL_20230612_164623166.jpg","-91.8258861111111","30.1365388888889","","","",""
"PXL_20230612_164641496.MP.jpg","-91.8258861111111","30.1365388888889","","","",""
"PXL_20230612_220007957.jpg","-91.8298694444444","30.1213166666667","","","",""
"PXL_20230612_220025190.jpg","-91.8298694444444","30.1213166666667","","","",""
"PXL_20230612_220037028.jpg","-91.8298694444444","30.1213166666667","","","",""
"PXL_20230612_220052252.jpg","-91.8298944444444","30.1212916666667","","","",""
"PXL_20230612_220112378.jpg","-91.8298944444444","30.1212916666667","","","",""
"PXL_20230612_220123877.jpg","-91.8298944444444","30.1212916666667","","","",""
"PXL_20230612_220125857.jpg","-91.8298944444444","30.1212916666667","","","",""
"PXL_20230612_220138282.jpg","-91.8298944444444","30.1212916666667","","","",""
"PXL_20230612_220142362.jpg","-91.8298944444444","30.1212916666667","","","",""
"PXL_20230612_220152530.jpg","-91.8298944444444","30.1212916666667","","","",""
"PXL_20230612_220220989.jpg","-91.8303305555556","30.12065","","","",""
"PXL_20230612_220222959.jpg","-91.8303305555556","30.12065","","","",""
"PXL_20230612_220227040.jpg","-91.8303305555556","30.12065","","","",""
"PXL_20230612_220230920.jpg","-91.8303305555556","30.12065","","","",""
"PXL_20230612_220304180.jpg","-91.8303305555556","30.12065","","","",""
"PXL_20230612_220307079.jpg","-91.8303305555556","30.12065","","","",""
"PXL_20230612_220315219.jpg","-91.8303305555556","30.12065","","","",""
"PXL_20230612_220336565.jpg","-91.8303583333333","30.1204666666667","","","",""
"PXL_20230612_220340982.jpg","-91.8303583333333","30.1204666666667","","","",""
"PXL_20230612_220350688.jpg","-91.8303583333333","30.1204666666667","","","",""
"PXL_20230612_220403031.jpg","-91.8303583333333","30.1204666666667","","","",""
"PXL_20230612_220500798.jpg","-91.8304111111111","30.1201027777778","","","",""
"PXL_20230612_220504405.jpg","-91.8304111111111","30.1201027777778","","","",""
"PXL_20230612_220510885.jpg","-91.8304111111111","30.1201027777778","","","",""
"PXL_20230612_220516157.jpg","-91.8304111111111","30.1201027777778","","","",""
"PXL_20230612_220523910.jpg","-91.8304111111111","30.1201027777778","","","",""
"PXL_20230612_220532611.jpg","-91.8304111111111","30.1201027777778","","","",""
"PXL_20230612_220538479.jpg","-91.8304111111111","30.1201027777778","","","",""
"PXL_20230612_220557629.jpg","-91.8304583333333","30.1201027777778","","","",""
"PXL_20230612_220610591.jpg","-91.8304583333333","30.1201027777778","","","",""
"PXL_20230612_220617097.jpg","-91.8304583333333","30.1201027777778","","","",""
"PXL_20230612_220647800.jpg","-91.8308361111111","30.1196055555556","","","",""
"PXL_20230612_220657472.jpg","-91.8308361111111","30.1196055555556","","","",""
"PXL_20230612_220702812.jpg","-91.8308361111111","30.1196055555556","","","",""
"PXL_20230612_220710543.jpg","-91.8308361111111","30.1196055555556","","","",""
"PXL_20230612_220721974.jpg","-91.8308361111111","30.1196055555556","","","",""
"PXL_20230612_220731513.jpg","-91.8308361111111","30.1196055555556","","","",""
"PXL_20230612_220740206.jpg","-91.8308361111111","30.1196055555556","","","",""
"PXL_20230612_220745477.jpg","-91.8308361111111","30.1196055555556","","","",""
"PXL_20230612_220811420.jpg","-91.8311444444444","30.1195916666667","","","",""
"PXL_20230612_220834162.jpg","-91.8311444444444","30.1195916666667","","","",""
"PXL_20230612_220836591.jpg","-91.8311444444444","30.1195916666667","","","",""
"PXL_20230612_220843271.jpg","-91.8311444444444","30.1195916666667","","","",""
"PXL_20230612_220906474.jpg","-91.8311444444444","30.1195916666667","","","",""
"PXL_20230612_220914968.jpg","-91.8311444444444","30.1195916666667","","","",""
"PXL_20230612_220922307.jpg","-91.8311444444444","30.1195916666667","","","",""
"PXL_20230612_220928371.jpg","-91.8311444444444","30.1195916666667","","","",""
"PXL_20230612_220941318.jpg","-91.8308027777778","30.1193222222222","","","",""
"PXL_20230612_221232678.MP.jpg","-91.8310166666667","30.1189055555556","","","",""
"PXL_20230612_221236619.jpg","-91.8310166666667","30.1189055555556","","","",""
"PXL_20230612_221242542.jpg","-91.8310166666667","30.1189055555556","","","",""
"PXL_20230612_221251623.jpg","-91.8310166666667","30.1189055555556","","","",""
"PXL_20230612_221303890.jpg","-91.8310166666667","30.1189055555556","","","",""
"PXL_20230612_221310928.jpg","-91.8310166666667","30.1189055555556","","","",""
"PXL_20230612_221316398.jpg","-91.8310166666667","30.1189055555556","","","",""
"PXL_20230612_221329744.jpg","-91.8310166666667","30.1189055555556","","","",""
"PXL_20230612_221334333.jpg","-91.8312305555556","30.1187555555556","","","",""
"PXL_20230612_221359683.jpg","-91.8312305555556","30.1187555555556","","","",""
"PXL_20230612_221405244.jpg","-91.8312305555556","30.1187555555556","","","",""
"PXL_20230612_221408888.jpg","-91.8312305555556","30.1187555555556","","","",""
"PXL_20230612_221411716.jpg","-91.8312305555556","30.1187555555556","","","",""
"PXL_20230612_221437826.jpg","-91.8313083333333","30.118425","","","",""
"PXL_20230612_221443088.jpg","-91.8313083333333","30.118425","","","",""
"PXL_20230612_221451714.jpg","-91.8313083333333","30.118425","","","",""
"PXL_20230612_221453813.jpg","-91.8313083333333","30.118425","","","",""
"PXL_20230612_221517429.jpg","-91.8313083333333","30.118425","","","",""
"PXL_20230612_221519182.jpg","-91.8313083333333","30.118425","","","",""
"PXL_20230612_221524508.jpg","-91.8313083333333","30.118425","","","",""
"PXL_20230612_221527902.jpg","-91.8313083333333","30.118425","","","",""
"PXL_20230612_221556819.jpg","-91.8316694444444","30.1176444444444","","","",""
"PXL_20230612_221612636.jpg","-91.8316694444444","30.1176444444444","","","",""
"PXL_20230612_221630179.jpg","-91.8316694444444","30.1176444444444","","","",""
"PXL_20230612_221750992.jpg","-91.8320111111111","30.1168111111111","","","",""
"PXL_20230612_221820624.jpg","-91.8320111111111","30.1168111111111","","","",""
"PXL_20230612_221832795.jpg","-91.8320111111111","30.1168111111111","","","",""
"PXL_20230612_221843534.jpg","-91.8320111111111","30.1168111111111","","","",""
"PXL_20230612_221849099.jpg","-91.8320111111111","30.1168111111111","","","",""
"PXL_20230612_221855428.jpg","-91.8320111111111","30.1168111111111","","","",""
"PXL_20230612_221916131.jpg","-91.8322222222222","30.1164611111111","","","",""
"PXL_20230612_221926587.jpg","-91.8322222222222","30.1164611111111","","","",""
"PXL_20230612_221940076.jpg","-91.8322222222222","30.1164611111111","","","",""
"PXL_20230612_222008964.jpg","-91.8322222222222","30.1164611111111","","","",""
"PXL_20230612_222040873.jpg","-91.8325","30.1156638888889","","","",""
"PXL_20230612_222046483.jpg","-91.8325","30.1156638888889","","","",""
"PXL_20230612_222047945.jpg","-91.8325","30.1156638888889","","","",""
"PXL_20230612_222142482.jpg","-91.83275","30.1152138888889","","","",""
"PXL_20230612_222209525.jpg","-91.83275","30.1152138888889","","","",""
"PXL_20230612_222246518.jpg","-91.8329222222222","30.1146694444444","","","",""
"PXL_20230612_222250018.jpg","-91.8329222222222","30.1146694444444","","","",""
"PXL_20230612_222253301.jpg","-91.8329222222222","30.1146694444444","","","",""
"PXL_20230612_222302974.MP.jpg","-91.8329222222222","30.1146694444444","","","",""
"PXL_20230612_222414652.jpg","-91.8333111111111","30.1139055555556","","","",""
"PXL_20230612_222437908.jpg","-91.8333111111111","30.1139055555556","","","",""
"PXL_20230612_222623023.jpg","-91.8335555555555","30.1134055555556","","","",""
"PXL_20230612_222627144.jpg","-91.8335555555555","30.1134055555556","","","",""
"PXL_20230612_222648230.jpg","-91.8335583333333","30.1134027777778","","","",""
"PXL_20230612_222706441.jpg","-91.8339583333333","30.1125611111111","","","",""
"PXL_20230612_222710147.jpg","-91.8339583333333","30.1125611111111","","","",""
"PXL_20230612_222716492.jpg","-91.8339583333333","30.1125611111111","","","",""
"PXL_20230612_222719810.jpg","-91.8339583333333","30.1125611111111","","","",""
"PXL_20230612_222902530.jpg","-91.8340833333333","30.1123611111111","","","",""
"PXL_20230612_222906456.jpg","-91.8340833333333","30.1123611111111","","","",""
"PXL_20230612_222931138.jpg","-91.8347861111111","30.11165","","","",""
"PXL_20230612_223006062.jpg","-91.8347861111111","30.11165","","","",""
"PXL_20230612_223018893.jpg","-91.8347861111111","30.11165","","","",""
"PXL_20230612_223025709.jpg","-91.8347861111111","30.11165","","","",""
"PXL_20230612_223041426.jpg","-91.8347861111111","30.11165","","","",""
"PXL_20230612_223054902.jpg","-91.8347861111111","30.11165","","","",""
"PXL_20230612_223101099.jpg","-91.8347861111111","30.11165","","","",""
"PXL_20230612_223111510.jpg","-91.8347861111111","30.11165","","","",""
"PXL_20230612_223122335.jpg","-91.8347861111111","30.11165","","","",""
"PXL_20230612_223149090.jpg","-91.8351861111111","30.1111388888889","","","",""
"PXL_20230612_223159468.jpg","-91.8354916666667","30.1106","","","",""
"PXL_20230612_223202942.jpg","-91.8354916666667","30.1106","","","",""
"PXL_20230612_223217273.jpg","-91.8354916666667","30.1106","","","",""
"PXL_20230612_223240804.jpg","-91.8354916666667","30.1106","","","",""
"PXL_20230612_223256535.jpg","-91.8354916666667","30.1106","","","",""
"PXL_20230612_223300717.jpg","-91.8354916666667","30.1106","","","",""
"PXL_20230612_223322740.jpg","-91.8356166666667","30.1105","","","",""
"PXL_20230612_223324793.jpg","-91.8356166666667","30.1105","","","",""
"PXL_20230612_223327715.jpg","-91.8356166666667","30.1105","","","",""
"PXL_20230612_223329893.jpg","-91.8356166666667","30.1105","","","",""
"PXL_20230612_223908689.jpg","-91.8360305555556","30.1093444444444","","","",""
"PXL_20230612_223917786.jpg","-91.8354083333333","30.1101555555556","","","",""
"PXL_20230612_223937545.jpg","-91.8354083333333","30.1101555555556","","","",""
"PXL_20230612_223942023.jpg","-91.8354083333333","30.1101555555556","","","",""
"PXL_20230612_224025813.jpg","-91.835775","30.1095805555556","","","",""
"PXL_20230612_224028521.jpg","-91.835775","30.1095805555556","","","",""
"PXL_20230612_224046722.jpg","-91.835775","30.1095805555556","","","",""
"PXL_20230612_224123783.jpg","-91.835775","30.1095805555556","","","",""
"PXL_20230612_224132041.jpg","-91.835775","30.1095805555556","","","",""
"PXL_20230612_224247382.jpg","-91.8352194444444","30.1105638888889","","","",""
"PXL_20230612_224414624.jpg","-91.8346416666667","30.1110027777778","","","",""
"PXL_20230612_224436238.jpg","-91.8346416666667","30.1110027777778","","","",""
"PXL_20230612_224441992.jpg","-91.8346416666667","30.1110027777778","","","",""
"PXL_20230612_224504871.jpg","-91.8346416666667","30.1110027777778","","","",""
"PXL_20230612_224520725.jpg","-91.8346361111111","30.1114972222222","","","",""
"PXL_20230612_224528594.jpg","-91.8346361111111","30.1114972222222","","","",""
"PXL_20230612_224605928.jpg","-91.8346361111111","30.1114972222222","","","",""
"PXL_20230612_224608649.jpg","-91.8346361111111","30.1114972222222","","","",""
"PXL_20230612_224625455.jpg","-91.8346361111111","30.1114972222222","","","",""
"PXL_20230612_224632240.jpg","-91.8346361111111","30.1114972222222","","","",""
"PXL_20230612_224637433.jpg","-91.8346361111111","30.1114972222222","","","",""
"PXL_20230612_224650351.jpg","-91.8341277777778","30.1119416666667","","","",""
"PXL_20230612_224653901.jpg","-91.8341277777778","30.1119416666667","","","",""
"PXL_20230612_224719330.jpg","-91.8341277777778","30.1119416666667","","","",""
"PXL_20230612_224801499.jpg","-91.8337055555556","30.1125527777778","","","",""
"PXL_20230612_224814034.jpg","-91.8337055555556","30.1125527777778","","","",""
"PXL_20230612_224819206.jpg","-91.8337055555556","30.1125527777778","","","",""
"PXL_20230612_224830775.jpg","-91.8337055555556","30.1125527777778","","","",""
"PXL_20230612_224846338.jpg","-91.8337055555556","30.1125527777778","","","",""
"PXL_20230612_225008661.jpg","-91.8338111111111","30.1128083333333","","","",""
"PXL_20230612_225044478.jpg","-91.8331305555556","30.1137666666667","","","",""
"PXL_20230612_225050436.jpg","-91.8331305555556","30.1137666666667","","","",""
"PXL_20230612_225119351.jpg","-91.8331305555556","30.1137666666667","","","",""
"PXL_20230612_225123105.jpg","-91.8331305555556","30.1137666666667","","","",""
"PXL_20230612_225127997.jpg","-91.8331305555556","30.1137666666667","","","",""
"PXL_20230612_225129686.jpg","-91.8331305555556","30.1137666666667","","","",""
"PXL_20230612_225150454.jpg","-91.8330861111111","30.1139361111111","","","",""
"PXL_20230612_225218419.jpg","-91.8330861111111","30.1139361111111","","","",""
"PXL_20230612_225223657.jpg","-91.8330861111111","30.1139361111111","","","",""
"PXL_20230612_225244541.jpg","-91.8330861111111","30.1139361111111","","","",""
"PXL_20230612_225247996.jpg","-91.8330861111111","30.1139361111111","","","",""
"PXL_20230612_225252379.jpg","-91.8330861111111","30.1139361111111","","","",""
"PXL_20230612_225256898.jpg","-91.8330861111111","30.1139361111111","","","",""
"PXL_20230612_225346149.jpg","-91.8328055555556","30.1147555555556","","","",""
"PXL_20230612_225351820.jpg","-91.8328055555556","30.1147555555556","","","",""
"PXL_20230612_225404755.jpg","-91.8325416666667","30.1151472222222","","","",""
"PXL_20230612_225437456.jpg","-91.8325416666667","30.1151472222222","","","",""
"PXL_20230612_225439315.jpg","-91.8325416666667","30.1151472222222","","","",""
"PXL_20230612_225449273.jpg","-91.8325416666667","30.1151472222222","","","",""
"PXL_20230612_225456494.jpg","-91.8325416666667","30.1151472222222","","","",""
"PXL_20230612_225503030.jpg","-91.8325416666667","30.1151472222222","","","",""
"PXL_20230612_225511437.jpg","-91.8325416666667","30.1151472222222","","","",""
"PXL_20230612_225524785.jpg","-91.8325416666667","30.1151472222222","","","",""
"PXL_20230612_225535138.jpg","-91.8324111111111","30.1154277777778","","","",""
"PXL_20230612_225631665.jpg","-91.8324111111111","30.1154277777778","","","",""
"PXL_20230612_225633213.jpg","-91.8324111111111","30.1154277777778","","","",""
"PXL_20230612_225651277.jpg","-91.8324111111111","30.1154277777778","","","",""
"PXL_20230612_225717755.jpg","-91.8319444444444","30.1166805555556","","","",""
"PXL_20230612_225721047.jpg","-91.8319444444444","30.1166805555556","","","",""
"PXL_20230612_225730518.jpg","-91.8319444444444","30.1166805555556","","","",""
"PXL_20230612_225801077.jpg","-91.8319444444444","30.1166805555556","","","",""
"PXL_20230612_225817360.jpg","-91.8319444444444","30.1166805555556","","","",""
"PXL_20230612_225832259.jpg","-91.8316722222222","30.1171888888889","","","",""
"PXL_20230612_225840525.jpg","-91.8316722222222","30.1171888888889","","","",""
"PXL_20230612_225855572.jpg","-91.8316722222222","30.1171888888889","","","",""
"PXL_20230612_225902313.jpg","-91.8316722222222","30.1171888888889","","","",""
"PXL_20230612_225918004.jpg","-91.8316722222222","30.1171888888889","","","",""
"PXL_20230612_225923319.jpg","-91.8316722222222","30.1171888888889","","","",""
"PXL_20230612_225936615.jpg","-91.8313361111111","30.1175888888889","","","",""
"PXL_20230612_225956925.jpg","-91.8313361111111","30.1175888888889","","","",""
"PXL_20230612_230001088.jpg","-91.8313361111111","30.1175888888889","","","",""
"PXL_20230612_230033847.jpg","-91.8313694444444","30.1179888888889","","","",""
"PXL_20230612_230041788.jpg","-91.8313694444444","30.1179888888889","","","",""
"PXL_20230612_230046908.jpg","-91.8313694444444","30.1179888888889","","","",""
"PXL_20230612_230058066.jpg","-91.8313694444444","30.1179888888889","","","",""
"PXL_20230612_230107604.jpg","-91.8313694444444","30.1179888888889","","","",""
"PXL_20230612_230112613.jpg","-91.8313694444444","30.1179888888889","","","",""
"PXL_20230612_230122165.jpg","-91.8313694444444","30.1179888888889","","","",""
"PXL_20230612_230132031.jpg","-91.8313694444444","30.1179888888889","","","",""
"PXL_20230612_230147400.jpg","-91.8311722222222","30.1181111111111","","","",""
"PXL_20230612_230150634.jpg","-91.8311722222222","30.1181111111111","","","",""
"PXL_20230612_230158666.jpg","-91.8311722222222","30.1181111111111","","","",""
"PXL_20230612_230213568.jpg","-91.8311722222222","30.1181111111111","","","",""
"PXL_20230612_230239693.jpg","-91.8311722222222","30.1181111111111","","","",""
"PXL_20230612_230244945.jpg","-91.8311722222222","30.1181111111111","","","",""
"PXL_20230612_230255053.jpg","-91.8311722222222","30.1181111111111","","","",""
"PXL_20230612_230314545.jpg","-91.8309694444444","30.1188138888889","","","",""
"PXL_20230612_230316418.jpg","-91.8309694444444","30.1188138888889","","","",""
"PXL_20230612_230320077.jpg","-91.8309694444444","30.1188138888889","","","",""
"PXL_20230612_230354615.jpg","-91.8309694444444","30.1188138888889","","","",""
"PXL_20230612_230411497.jpg","-91.8309694444444","30.1188138888889","","","",""
"PXL_20230612_230435027.jpg","-91.8305972222222","30.1194638888889","","","",""
"PXL_20230612_230442215.jpg","-91.8305972222222","30.1194638888889","","","",""
"PXL_20230612_230512343.jpg","-91.8305972222222","30.1194638888889","","","",""
"PXL_20230612_230527410.jpg","-91.8305972222222","30.1194638888889","","","",""
"PXL_20230612_230531660.jpg","-91.8305972222222","30.1194638888889","","","",""
"PXL_20230612_230603466.jpg","-91.8300972222222","30.1198388888889","","","",""
"PXL_20230612_230613520.jpg","-91.8300972222222","30.1198388888889","","","",""
"PXL_20230612_230629577.jpg","-91.8300972222222","30.1198388888889","","","",""
"PXL_20230612_230640438.jpg","-91.8300972222222","30.1198388888889","","","",""
"PXL_20230612_230653213.jpg","-91.8300972222222","30.1198388888889","","","",""
"PXL_20230612_230700710.jpg","-91.8300972222222","30.1198388888889","","","",""
"PXL_20230612_230706046.jpg","-91.8300972222222","30.1198388888889","","","",""
"PXL_20230612_230715642.jpg","-91.8300972222222","30.1198388888889","","","",""
"PXL_20230612_230727790.jpg","-91.8300972222222","30.1198388888889","","","",""
"PXL_20230612_230732678.jpg","-91.8302222222222","30.1200361111111","","","",""
"PXL_20230612_230745554.jpg","-91.8302222222222","30.1200361111111","","","",""
"PXL_20230612_230749269.jpg","-91.8302222222222","30.1200361111111","","","",""
"PXL_20230612_230804775.jpg","-91.8302222222222","30.1200361111111","","","",""
"PXL_20230612_230819277.jpg","-91.8302222222222","30.1200361111111","","","",""
"PXL_20230612_230825400.jpg","-91.8302222222222","30.1200361111111","","","",""
"PXL_20230612_230829219.jpg","-91.8302222222222","30.1200361111111","","","",""
"PXL_20230612_230833506.jpg","-91.8302222222222","30.1200361111111","","","",""
"PXL_20230612_230917596.jpg","-91.8301972222222","30.1200694444444","","","",""
"PXL_20230612_230921913.jpg","-91.8301972222222","30.1200694444444","","","",""
"PXL_20230613_213601732.jpg","-91.829625","30.1216305555556","","","",""
"PXL_20230613_213615713.jpg","-91.8293305555556","30.1216027777778","","","",""
"PXL_20230613_213626611.jpg","-91.8293305555556","30.1216027777778","","","",""
"PXL_20230613_213633025.jpg","-91.8293305555556","30.1216027777778","","","",""
"PXL_20230613_213656379.jpg","-91.8293305555556","30.1216027777778","","","",""
"PXL_20230613_213706124.jpg","-91.8293305555556","30.1216027777778","","","",""
"PXL_20230613_213742614.jpg","-91.8289055555556","30.1212888888889","","","",""
"PXL_20230613_213756925.jpg","-91.8289055555556","30.1212888888889","","","",""
"PXL_20230613_213802329.jpg","-91.8289055555556","30.1212888888889","","","",""
"PXL_20230613_213833047.jpg","-91.8289055555556","30.1212888888889","","","",""
"PXL_20230613_213834663.jpg","-91.8289055555556","30.1212888888889","","","",""
"PXL_20230613_213857138.jpg","-91.828175","30.1214","","","",""
"PXL_20230613_213930302.jpg","-91.8282416666667","30.1213805555556","","","",""
"PXL_20230613_213946827.jpg","-91.8282416666667","30.1213805555556","","","",""
"PXL_20230613_214016239.jpg","-91.8282416666667","30.1213805555556","","","",""
"PXL_20230613_214018492.jpg","-91.8282416666667","30.1213805555556","","","",""
"PXL_20230613_214032364.jpg","-91.8282416666667","30.1213805555556","","","",""
"PXL_20230613_214051680.jpg","-91.8275888888889","30.1211861111111","","","",""
"PXL_20230613_214056609.jpg","-91.8275888888889","30.1211861111111","","","",""
"PXL_20230613_214111875.jpg","-91.8275888888889","30.1211861111111","","","",""
"PXL_20230613_214121151.MP.jpg","-91.8275888888889","30.1211861111111","","","",""
"PXL_20230613_214150744.jpg","-91.8275888888889","30.1211861111111","","","",""
"PXL_20230613_214428258.jpg","-91.8284111111111","30.1195777777778","","","",""
"PXL_20230613_214438939.jpg","-91.8284111111111","30.1195777777778","","","",""
"PXL_20230613_214500076.jpg","-91.8284111111111","30.1195777777778","","","",""
"PXL_20230613_214510843.jpg","-91.8284111111111","30.1195777777778","","","",""
"PXL_20230613_214529507.jpg","-91.8284111111111","30.1195777777778","","","",""
"PXL_20230613_214532363.jpg","-91.8284111111111","30.1195777777778","","","",""
"PXL_20230613_214536880.jpg","-91.8284111111111","30.1195777777778","","","",""
"PXL_20230613_214544162.jpg","-91.8284111111111","30.1195777777778","","","",""
"PXL_20230613_214551636.jpg","-91.8284111111111","30.1195777777778","","","",""
"PXL_20230613_214557160.jpg","-91.8284111111111","30.1195777777778","","","",""
"PXL_20230613_214618805.jpg","-91.8290194444444","30.1201583333333","","","",""
"PXL_20230613_214630338.jpg","-91.8290194444444","30.1201583333333","","","",""
"PXL_20230613_214638018.jpg","-91.8290194444444","30.1201583333333","","","",""
"PXL_20230613_214651800.jpg","-91.8290194444444","30.1201583333333","","","",""
"PXL_20230613_214700441.jpg","-91.8290194444444","30.1201583333333","","","",""
"PXL_20230613_214702360.jpg","-91.8290194444444","30.1201583333333","","","",""
"PXL_20230613_214709691.jpg","-91.8290194444444","30.1201583333333","","","",""
"PXL_20230613_214724145.jpg","-91.8292583333333","30.1200638888889","","","",""
"PXL_20230613_214730541.jpg","-91.8292583333333","30.1200638888889","","","",""
"PXL_20230613_214736503.jpg","-91.8292583333333","30.1200638888889","","","",""
"PXL_20230613_214743392.jpg","-91.8292583333333","30.1200638888889","","","",""
"PXL_20230613_214749984.jpg","-91.8292583333333","30.1200638888889","","","",""
"PXL_20230613_214804335.jpg","-91.8292583333333","30.1200638888889","","","",""
"PXL_20230613_214842025.jpg","-91.8293361111111","30.120175","","","",""
"PXL_20230613_214854204.jpg","-91.8293361111111","30.120175","","","",""
"PXL_20230613_214900455.jpg","-91.8293361111111","30.120175","","","",""
"PXL_20230613_214906786.jpg","-91.8293361111111","30.120175","","","",""
"PXL_20230613_214914762.jpg","-91.8293361111111","30.120175","","","",""
"PXL_20230613_214927601.jpg","-91.8293361111111","30.120175","","","",""
"PXL_20230613_214938743.jpg","-91.8293361111111","30.120175","","","",""
"PXL_20230613_214944934.jpg","-91.8293361111111","30.120175","","","",""
"PXL_20230613_215007027.jpg","-91.8294472222222","30.1202138888889","","","",""
"PXL_20230613_215013560.jpg","-91.8294472222222","30.1202138888889","","","",""
"PXL_20230613_215027303.jpg","-91.8294472222222","30.1202138888889","","","",""
"PXL_20230613_215029691.jpg","-91.8294472222222","30.1202138888889","","","",""
"PXL_20230613_215035693.jpg","-91.8294472222222","30.1202138888889","","","",""
"PXL_20230613_215041352.jpg","-91.8294472222222","30.1202138888889","","","",""
"PXL_20230613_215055700.jpg","-91.8294472222222","30.1202166666667","","","",""
"PXL_20230613_215104781.jpg","-91.8294472222222","30.1202166666667","","","",""
"PXL_20230613_215111313.jpg","-91.8294472222222","30.1202166666667","","","",""
"PXL_20230613_215120900.jpg","-91.8295472222222","30.1196638888889","","","",""
"PXL_20230613_215123681.jpg","-91.8295472222222","30.1196638888889","","","",""
"PXL_20230613_215129538.jpg","-91.8295472222222","30.1196638888889","","","",""
"PXL_20230613_215205964.jpg","-91.829525","30.1196388888889","","","",""
"PXL_20230613_215216716.jpg","-91.829525","30.1196388888889","","","",""
"PXL_20230613_215222086.jpg","-91.829525","30.1196388888889","","","",""
"PXL_20230613_215229311.jpg","-91.829525","30.1196388888889","","","",""
"PXL_20230613_215259412.jpg","-91.8296694444444","30.1196722222222","","","",""
"PXL_20230613_215314890.jpg","-91.8297694444444","30.1196527777778","","","",""
"PXL_20230613_215325371.jpg","-91.8297694444444","30.1196527777778","","","",""
"PXL_20230613_215331731.jpg","-91.8297694444444","30.1196527777778","","","",""
"PXL_20230613_215346338.jpg","-91.8297694444444","30.1196527777778","","","",""
"PXL_20230613_215353854.jpg","-91.8297694444444","30.1196527777778","","","",""
"PXL_20230613_215359083.jpg","-91.8297694444444","30.1196527777778","","","",""
"PXL_20230613_215405700.jpg","-91.8297694444444","30.1196527777778","","","",""
"PXL_20230613_215415283.jpg","-91.8297694444444","30.1196527777778","","","",""
"PXL_20230613_215427035.jpg","-91.8297916666667","30.1196638888889","","","",""
"PXL_20230613_215429221.jpg","-91.8297916666667","30.1196638888889","","","",""
"PXL_20230613_215451915.jpg","-91.8296638888889","30.1196611111111","","","",""
"PXL_20230613_215500299.jpg","-91.8296638888889","30.1196611111111","","","",""
"PXL_20230613_215510734.jpg","-91.8295722222222","30.1191027777778","","","",""
"PXL_20230613_215514662.jpg","-91.8295722222222","30.1191027777778","","","",""
"PXL_20230613_215528115.jpg","-91.8295722222222","30.1191027777778","","","",""
"PXL_20230613_215542544.jpg","-91.8295722222222","30.1191027777778","","","",""
"PXL_20230613_215545661.jpg","-91.8295722222222","30.1191027777778","","","",""
"PXL_20230613_215553740.jpg","-91.8295722222222","30.1191027777778","","","",""
"PXL_20230613_215615799.jpg","-91.8295694444444","30.11865","","","",""
"PXL_20230613_215620122.jpg","-91.8295694444444","30.11865","","","",""
"PXL_20230613_215626566.jpg","-91.8295694444444","30.11865","","","",""
"PXL_20230613_215632293.jpg","-91.8295694444444","30.11865","","","",""
"PXL_20230613_215646396.jpg","-91.8295694444444","30.11865","","","",""
"PXL_20230613_215706257.jpg","-91.8295694444444","30.11865","","","",""
"PXL_20230613_215713444.jpg","-91.8295694444444","30.11865","","","",""
"PXL_20230613_215721943.jpg","-91.8295694444444","30.11865","","","",""
"PXL_20230613_215729104.jpg","-91.8295694444444","30.11865","","","",""
"PXL_20230613_215758873.jpg","-91.8294861111111","30.1183194444444","","","",""
"PXL_20230613_215823376.jpg","-91.8294861111111","30.1183194444444","","","",""
"PXL_20230613_215913201.MP.jpg","-91.8292222222222","30.1179027777778","","","",""
"PXL_20230613_215914959.jpg","-91.8292222222222","30.1179027777778","","","",""
"PXL_20230613_215926646.jpg","-91.8292222222222","30.1179027777778","","","",""
"PXL_20230613_215935061.jpg","-91.8292222222222","30.1179027777778","","","",""
"PXL_20230613_215942202.jpg","-91.8292222222222","30.1179027777778","","","",""
"PXL_20230613_215952516.jpg","-91.8292222222222","30.1179027777778","","","",""
"PXL_20230613_220012502.jpg","-91.8292222222222","30.1179055555556","","","",""
"PXL_20230613_220018030.jpg","-91.8292222222222","30.1179055555556","","","",""
"PXL_20230613_220021848.jpg","-91.8292222222222","30.1179055555556","","","",""
"PXL_20230613_220029068.jpg","-91.8292222222222","30.1179055555556","","","",""
"PXL_20230613_220039936.jpg","-91.8293111111111","30.1174194444444","","","",""
"PXL_20230613_220141837.jpg","-91.8293111111111","30.1174194444444","","","",""
"PXL_20230613_220245296.jpg","-91.8293111111111","30.1174194444444","","","",""
"PXL_20230613_220253258.jpg","-91.8293111111111","30.1174194444444","","","",""
"PXL_20230613_220300669.jpg","-91.8293111111111","30.1174194444444","","","",""
"PXL_20230613_220311438.jpg","-91.8293111111111","30.1174194444444","","","",""
"PXL_20230613_220605303.jpg","-91.830775","30.1168444444444","","","",""
"PXL_20230613_220640166.jpg","-91.8297194444445","30.1191472222222","","","",""
"PXL_20230619_170110454.jpg","-91.8296305555556","30.1241555555556","","","",""
"PXL_20230619_170120206.jpg","-91.8296305555556","30.1241555555556","","","",""
"PXL_20230619_170123249.jpg","-91.8296305555556","30.1241555555556","","","",""
"PXL_20230619_170144513.MP.jpg","-91.8296583333333","30.1241805555556","","","",""
"PXL_20230619_170220578.jpg","-91.8296583333333","30.1241805555556","","","",""
"PXL_20230619_170239141.jpg","-91.8296583333333","30.1241805555556","","","",""
"PXL_20230619_170351266.jpg","-91.8308444444444","30.1246444444444","","","",""
"PXL_20230619_170414733.jpg","-91.8308444444444","30.1246444444444","","","",""
"PXL_20230619_170431535.jpg","-91.8308444444444","30.1246444444444","","","",""
"PXL_20230619_170442555.jpg","-91.8308444444444","30.1246444444444","","","",""
"PXL_20230619_170511953.jpg","-91.8317583333333","30.124925","","","",""
"PXL_20230619_170524513.jpg","-91.8317583333333","30.124925","","","",""
"PXL_20230619_170600961.jpg","-91.8317583333333","30.124925","","","",""
"PXL_20230619_170615708.jpg","-91.8317583333333","30.124925","","","",""
"PXL_20230619_170628590.jpg","-91.8323638888889","30.1252111111111","","","",""
"PXL_20230619_170638747.jpg","-91.8323638888889","30.1252111111111","","","",""
"PXL_20230619_170705801.jpg","-91.8326722222222","30.1252611111111","","","",""
"PXL_20230619_170804025.MP.jpg","-91.8328222222222","30.1253055555556","","","",""
"PXL_20230619_170827133.jpg","-91.8328222222222","30.1253055555556","","","",""
"PXL_20230619_170841710.jpg","-91.8328222222222","30.1253055555556","","","",""
"PXL_20230619_170847897.jpg","-91.8328222222222","30.1253055555556","","","",""
"PXL_20230619_170954239.jpg","-91.8338833333333","30.1256833333333","","","",""
"PXL_20230619_171133553.jpg","-91.8339611111111","30.1257111111111","","","",""
"PXL_20230619_171150723.jpg","-91.8339611111111","30.1257111111111","","","",""
"PXL_20230619_171201857.jpg","-91.8339611111111","30.1257111111111","","","",""
"PXL_20230619_171211652.jpg","-91.8339611111111","30.1257111111111","","","",""
"PXL_20230619_171216923.jpg","-91.8339611111111","30.1257111111111","","","",""
"PXL_20230619_171241530.jpg","-91.8335361111111","30.1255444444444","","","",""
"PXL_20230619_171304431.jpg","-91.8335361111111","30.1255444444444","","","",""
"PXL_20230619_171317123.jpg","-91.8335361111111","30.1255444444444","","","",""
"PXL_20230619_171336414.jpg","-91.8335361111111","30.1255444444444","","","",""
"PXL_20230619_171400495.jpg","-91.8335361111111","30.1255444444444","","","",""
"PXL_20230619_171415046.jpg","-91.8325805555556","30.1252222222222","","","",""
"PXL_20230619_171428035.jpg","-91.8325805555556","30.1    1 directories scanned","","","",""
" 1058 image files read"," 1058 image files read"," 1058 image files read","","","",""
"252222222222","252222222222","252222222222","","","",""
"PXL_20230619_171438235.jpg","-91.8325805555556","30.1252222222222","","","",""
"PXL_20230619_171539364.jpg","-91.8317666666667","30.1248583333333","","","",""
"PXL_20230619_171550794.jpg","-91.8317666666667","30.1248583333333","","","",""
"PXL_20230619_171552696.jpg","-91.8317666666667","30.1248583333333","","","",""
"PXL_20230619_171608889.jpg","-91.8317666666667","30.1248583333333","","","",""
"PXL_20230619_171620696.jpg","-91.8317666666667","30.1248583333333","","","",""
"PXL_20230619_171628153.jpg","-91.8317666666667","30.1248583333333","","","",""
"PXL_20230619_171632497.jpg","-91.8317666666667","30.1248583333333","","","",""
"PXL_20230619_171641489.jpg","-91.8317666666667","30.1248583333333","","","",""
"PXL_20230619_171646723.jpg","-91.8317666666667","30.1248583333333","","","",""
"PXL_20230619_171709582.jpg","-91.8310722222222","30.1246861111111","","","",""
"PXL_20230619_171732320.jpg","-91.8310722222222","30.1246861111111","","","",""
"PXL_20230619_171737995.jpg","-91.8310722222222","30.1246861111111","","","",""
"PXL_20230619_171744390.jpg","-91.8310722222222","30.1246861111111","","","",""
"PXL_20230619_171816571.jpg","-91.8305","30.1243944444444","","","",""
"PXL_20230619_171846589.jpg","-91.8305","30.1243944444444","","","",""
"PXL_20230619_171900720.jpg","-91.8305","30.1243944444444","","","",""
"PXL_20230619_171906159.jpg","-91.8305","30.1243944444444","","","",""
"PXL_20230619_171914425.jpg","-91.8305","30.1243944444444","","","",""
"PXL_20230619_171944145.jpg","-91.8302888888889","30.1241222222222","","","",""
"PXL_20230619_171955262.jpg","-91.8302888888889","30.1241222222222","","","",""
"PXL_20230619_171959966.jpg","-91.8302888888889","30.1241222222222","","","",""
"PXL_20230619_172035765.jpg","-91.8302888888889","30.1241222222222","","","",""
"PXL_20230619_172118901.jpg","-91.8304666666667","30.1233722222222","","","",""
"PXL_20230619_172123452.jpg","-91.8304666666667","30.1233722222222","","","",""
"PXL_20230619_172138560.jpg","-91.8304666666667","30.1233722222222","","","",""
"PXL_20230619_172308655.jpg","-91.8313527777778","30.1230472222222","","","",""
"PXL_20230619_172342700.jpg","-91.8313527777778","30.1230472222222","","","",""
"PXL_20230619_172357863.jpg","-91.8313527777778","30.1230472222222","","","",""
"PXL_20230619_172400648.jpg","-91.8313527777778","30.1230472222222","","","",""
"PXL_20230619_172405721.jpg","-91.8313527777778","30.1230472222222","","","",""
"PXL_20230619_172408826.jpg","-91.8313527777778","30.1230472222222","","","",""
"PXL_20230619_172426893.jpg","-91.8321888888889","30.1232972222222","","","",""
"PXL_20230619_172512960.jpg","-91.8321888888889","30.1232972222222","","","",""
"PXL_20230619_172526743.jpg","-91.8321888888889","30.1232972222222","","","",""
"PXL_20230619_172552673.jpg","-91.8329361111111","30.123475","","","",""
"PXL_20230619_172612204.jpg","-91.8329361111111","30.123475","","","",""
"PXL_20230619_172636862.jpg","-91.8329361111111","30.123475","","","",""
"PXL_20230619_172649436.jpg","-91.8329361111111","30.123475","","","",""
"PXL_20230619_172657944.jpg","-91.8329361111111","30.123475","","","",""
"PXL_20230619_172706847.jpg","-91.8329361111111","30.123475","","","",""
"PXL_20230619_172721050.jpg","-91.8337666666667","30.1238194444444","","","",""
"PXL_20230619_172735183.jpg","-91.8337666666667","30.1238194444444","","","",""
"PXL_20230619_172805552.jpg","-91.8337666666667","30.1238194444444","","","",""
"PXL_20230619_172829374.jpg","-91.8346","30.1239611111111","","","",""
"PXL_20230619_172836459.jpg","-91.8346","30.1239611111111","","","",""
"PXL_20230619_172851311.jpg","-91.8346","30.1239611111111","","","",""
"PXL_20230619_172856759.jpg","-91.8346","30.1239611111111","","","",""
"PXL_20230619_172955634.jpg","-91.8350722222222","30.1239777777778","","","",""
"PXL_20230619_173003763.jpg","-91.8350722222222","30.1239777777778","","","",""
"PXL_20230619_173018322.jpg","-91.8350777777778","30.1239777777778","","","",""
"PXL_20230619_173034731.jpg","-91.8358444444444","30.1241444444444","","","",""
"PXL_20230619_173036529.jpg","-91.8358444444444","30.1241444444444","","","",""
"PXL_20230619_173041203.jpg","-91.8358444444444","30.1241444444444","","","",""
"PXL_20230619_173110366.jpg","-91.8358444444444","30.1241444444444","","","",""
"PXL_20230619_173114104.jpg","-91.8358444444444","30.1241444444444","","","",""
"PXL_20230619_173129178.jpg","-91.8358444444444","30.1241444444444","","","",""
"PXL_20230619_173138681.jpg","-91.8358444444444","30.1241444444444","","","",""
"PXL_20230619_173159218.jpg","-91.8353027777778","30.1239888888889","","","",""
"PXL_20230619_173244033.jpg","-91.8353027777778","30.1239888888889","","","",""
"PXL_20230619_173301094.jpg","-91.8345722222222","30.1237583333333","","","",""
"PXL_20230619_173310044.jpg","-91.8345722222222","30.1237583333333","","","",""
"PXL_20230619_173325954.jpg","-91.8345722222222","30.1237583333333","","","",""
"PXL_20230619_173429296.jpg","-91.8334722222222","30.1235888888889","","","",""
"PXL_20230619_173439094.jpg","-91.8334722222222","30.1235888888889","","","",""
"PXL_20230619_173441167.jpg","-91.8334722222222","30.1235888888889","","","",""
"PXL_20230619_173448271.jpg","-91.8334722222222","30.1235888888889","","","",""
"PXL_20230619_173454734.jpg","-91.8334722222222","30.1235888888889","","","",""
"PXL_20230619_173535121.jpg","-91.8334083333333","30.1229583333333","","","",""
"PXL_20230619_173545441.jpg","-91.8334083333333","30.1229583333333","","","",""
"PXL_20230619_173548090.jpg","-91.8334083333333","30.1229583333333","","","",""
"PXL_20230619_173612290.jpg","-91.8334083333333","30.1229583333333","","","",""
"PXL_20230619_173614122.jpg","-91.8334083333333","30.1229583333333","","","",""
"PXL_20230619_173620913.jpg","-91.8334083333333","30.1229583333333","","","",""
"PXL_20230619_173624081.jpg","-91.8334083333333","30.1229583333333","","","",""
"PXL_20230619_173633571.jpg","-91.8334083333333","30.1229583333333","","","",""
"PXL_20230619_173637316.jpg","-91.8334083333333","30.1229583333333","","","",""
"PXL_20230619_173639915.jpg","-91.8334083333333","30.1229583333333","","","",""
"PXL_20230619_173643337.jpg","-91.8334083333333","30.1229583333333","","","",""
"PXL_20230619_173646388.jpg","-91.8334083333333","30.1229583333333","","","",""
"PXL_20230619_173649258.jpg","-91.8334083333333","30.1229583333333","","","",""
"PXL_20230619_173709794.jpg","-91.8330583333333","30.1227222222222","","","",""
"PXL_20230619_173729956.jpg","-91.8330583333333","30.1227222222222","","","",""
"PXL_20230619_173807375.jpg","-91.8330583333333","30.1227222222222","","","",""
"PXL_20230619_173821500.jpg","-91.8325611111111","30.123","","","",""
"PXL_20230619_173900115.jpg","-91.8325611111111","30.123","","","",""
"PXL_20230619_173919143.jpg","-91.8325611111111","30.123","","","",""
"PXL_20230619_173924176.jpg","-91.8325611111111","30.123","","","",""
"PXL_20230619_173933705.jpg","-91.8325611111111","30.123","","","",""
"PXL_20230619_174022374.jpg","-91.8319638888889","30.1231777777778","","","",""
"PXL_20230619_174026887.jpg","-91.8319638888889","30.1231777777778","","","",""
"PXL_20230619_174034704.jpg","-91.8319638888889","30.1231777777778","","","",""
"PXL_20230619_181035485.jpg","-91.8317083333333","30.1231666666667","","","",""
"PXL_20230619_181116234.jpg","-91.8317083333333","30.1231666666667","","","",""
"PXL_20230619_183804765.MP.jpg","-91.8279833333333","30.1236805555556","","","",""
